Top pages,Clicks,Impressions,CTR,Position
https://www.boopsign.com/online-signature-maker,19,225,8.44%,57.56
https://boopsign.com/,15,105,14.29%,3.75
https://payping.boopsign.com/,3,72,4.17%,6.21
https://www.boopsign.com/sign-in,2,12,16.67%,4
https://www.boopsign.com/how-to-create-electronic-signature,1,1441,0.07%,83.72
https://boopsign.com/pandadoc-alternative,1,645,0.16%,86.74
https://www.boopsign.com/signnow-alternative,1,328,0.3%,21.68
https://www.boopsign.com/blog/freelance-payment-terms-net-30-vs-net-15-upfront,1,147,0.68%,11.8
https://www.boopsign.com/no-account-esignature,1,59,1.69%,6.47
https://www.boopsign.com/freelance-designer-contract-template,1,31,3.23%,36.23
https://payping.boopsign.com/pricing,1,23,4.35%,14.65
https://www.boopsign.com/document-security-guide,1,14,7.14%,8
https://www.boopsign.com/mobile-electronic-signature,1,12,8.33%,17.25
https://www.boopsign.com/contracts/independent-contractor-agreement/for-event-planner,1,10,10%,14.6
https://www.boopsign.com/contracts/service-agreement/for-data-scientist,1,6,16.67%,10.17
https://www.boopsign.com/business-document-signing-solution,1,4,25%,17.25
https://www.boopsign.com/hellosign-alternative,0,1815,0%,43.02
https://boopsign.com/adobe-sign-alternative,0,625,0%,70.32
https://www.boopsign.com/dropbox-sign-alternative,0,567,0%,13
https://www.boopsign.com/nda-template-free,0,368,0%,86.64
https://payping.boopsign.com/blog/how-to-ask-clients-for-payment,0,359,0%,69.3
https://www.boopsign.com/proposal-signing-software,0,354,0%,46.61
https://boopsign.com/freelance-contract-template,0,245,0%,48.93
https://boopsign.com/dropbox-sign-alternative,0,225,0%,25.03
https://boopsign.com/signrequest-alternative,0,155,0%,30.17
https://boopsign.com/zoho-sign-alternative,0,155,0%,61.65
https://www.boopsign.com/zoho-sign-alternative,0,150,0%,59.01
https://www.boopsign.com/esignature-vs-digital-signature,0,122,0%,54.64
https://www.boopsign.com/electronic-signature-laws,0,119,0%,60.03
https://www.boopsign.com/blog/how-to-sign-word-document,0,113,0%,57.62
https://www.boopsign.com/alternatives/pandadoc-alternative,0,106,0%,76.84
https://www.boopsign.com/signrequest-alternative,0,102,0%,18.36
https://payping.boopsign.com/tools/ai-reminder-email-generator,0,76,0%,60.96
https://www.boopsign.com/freelance-contract-template,0,70,0%,68.27
https://payping.boopsign.com/blog/ultimate-guide-automating-invoice-reminders,0,53,0%,50.68
https://www.boopsign.com/multi-party-signature-solution,0,51,0%,37.88
https://www.boopsign.com/pandadoc-alternative,0,50,0%,77.96
https://boopsign.com/document-approval-workflow,0,48,0%,53.17
https://www.boopsign.com/consulting-agreement-template,0,45,0%,74.58
https://www.boopsign.com/contracts/tutoring-agreement,0,40,0%,64.2
https://www.boopsign.com/client-onboarding-documents,0,36,0%,38.78
https://www.boopsign.com/remote-team-document-signing,0,34,0%,18.26
https://www.boopsign.com/hr-document-signing,0,33,0%,25.76
https://www.boopsign.com/contracts/non-disclosure-agreement/for-personal-trainer,0,30,0%,8.73
https://www.boopsign.com/contract-signing-best-practices,0,28,0%,34.07
https://www.boopsign.com/esignature-for-freelancers,0,27,0%,12.07
https://www.boopsign.com/blog/contract-signing-best-practices,0,27,0%,16.15
https://www.boopsign.com/adobe-sign-alternative,0,26,0%,25.54
https://www.boopsign.com/blog/7-documents-every-freelancer-needs,0,23,0%,9.39
https://www.boopsign.com/contracts/retainer-agreement/for-interior-designer,0,23,0%,21.87
https://www.boopsign.com/guides/esignature-cost-comparison,0,22,0%,61.5
https://www.boopsign.com/contracts/retainer-agreement/for-wedding-videographer,0,21,0%,56.38
https://www.boopsign.com/contracts,0,18,0%,13.06
https://www.boopsign.com/electronic-signature,0,15,0%,4.07
https://www.boopsign.com/contracts/termination-notice/for-illustrator,0,15,0%,10.4
https://www.boopsign.com/contracts/freelance/podcast-editor,0,13,0%,8.77
https://www.boopsign.com/contracts/retainer-agreement/for-cybersecurity-consultant,0,13,0%,12.23
https://www.boopsign.com/contracts/project-proposal/for-ui-ux-designer,0,13,0%,29.54
https://www.boopsign.com/blog/how-to-send-contract-for-signature,0,13,0%,46.23
https://www.boopsign.com/esignature-for-consultants,0,12,0%,8.75
https://www.boopsign.com/contracts/project-proposal/for-translator,0,12,0%,16.83
https://www.boopsign.com/guides/why-clients-hate-esignature,0,11,0%,8.45
https://www.boopsign.com/electronic-signature-iowa,0,10,0%,10
https://payping.boopsign.com/tools/payment-terms-generator,0,10,0%,15.2
https://www.boopsign.com/alternatives,0,9,0%,15.33
https://www.boopsign.com/templates/statement-of-work-template,0,9,0%,56.89
https://www.boopsign.com/contracts/consulting-agreement/for-game-developer,0,8,0%,2.62
https://www.boopsign.com/blog/how-to-write-freelance-contract-protects-you,0,8,0%,13.88
https://www.boopsign.com/templates/freelance-developer-contract-template,0,8,0%,30
https://www.boopsign.com/electronic-signature-compliance,0,8,0%,39
https://www.boopsign.com/upgrade,0,7,0%,6.14
https://www.boopsign.com/templates/freelance-writer-contract-template,0,7,0%,50
https://payping.boopsign.com/tools/late-fee-calculator,0,7,0%,67.86
https://payping.boopsign.com/blog/payment-terms,0,6,0%,4.5
https://www.boopsign.com/pricing,0,6,0%,8.5
https://www.boopsign.com/blog,0,6,0%,17.83
https://www.boopsign.com/document-signature-verification,0,6,0%,24.17
https://www.boopsign.com/legal-document-signing-platform,0,5,0%,1.8
https://www.boopsign.com/form-signature-integration,0,5,0%,4
https://payping.boopsign.com/tools,0,5,0%,4.2
https://www.boopsign.com/dashboard,0,5,0%,7.4
https://www.boopsign.com/real-estate-document-signing,0,5,0%,10.4
https://www.boopsign.com/document-tracking-signing-platform,0,5,0%,15.6
https://www.boopsign.com/signature-capture-software,0,5,0%,28.2
https://www.boopsign.com/templates/freelance-proposal-template,0,5,0%,57
https://www.boopsign.com/digital-signature-software-free,0,4,0%,5.5
https://www.boopsign.com/fintech-document-signing,0,4,0%,7
https://www.boopsign.com/contracts/freelance/tutor,0,4,0%,13.5
https://www.boopsign.com/blog/3-minute-freelance-workflow,0,4,0%,23.5
https://www.boopsign.com/contracts/retainer-agreement/for-no-code-developer,0,4,0%,23.5
https://www.boopsign.com/mobile-contract-signing-app,0,4,0%,23.75
https://www.boopsign.com/templates/freelance-nda-template,0,4,0%,29.75
https://www.boopsign.com/templates/freelance-designer-contract-template,0,4,0%,47.75
https://www.boopsign.com/contracts/referral-agreement/for-tutor,0,4,0%,52.25
https://www.boopsign.com/contracts/website-development-agreement,0,4,0%,97
https://www.boopsign.com/contracts/termination-notice/for-podcast-editor,0,3,0%,6.67
https://www.boopsign.com/contracts/referral-agreement/for-event-planner,0,3,0%,9.67
https://www.boopsign.com/contracts/non-disclosure-agreement/for-property-manager,0,3,0%,10.33
https://boopsign.com/secure-document-signing-service,0,3,0%,11.67
https://www.boopsign.com/online-contract-signing-platform,0,3,0%,13.67
https://www.boopsign.com/team-collaboration-signing,0,3,0%,23
https://www.boopsign.com/contracts/non-disclosure-agreement/for-real-estate-agent,0,3,0%,46
https://www.boopsign.com/contracts/service-agreement/for-business-coach,0,3,0%,48
https://www.boopsign.com/document-approval-workflow,0,3,0%,48
https://www.boopsign.com/contracts/change-order-form/for-event-planner,0,2,0%,2
https://www.boopsign.com/contracts/non-disclosure-agreement/for-podcast-editor,0,2,0%,3
https://payping.boopsign.com/tools/invoice-template-generator,0,2,0%,4.5
https://www.boopsign.com/sign-up,0,2,0%,8
https://www.boopsign.com/contracts/independent-contractor-agreement,0,2,0%,11.5
https://www.boopsign.com/contracts/website-development-agreement/for-content-strategist,0,2,0%,18
https://payping.boopsign.com/tools/project-timeline-generator,0,2,0%,23.5
https://www.boopsign.com/contracts/consulting-agreement/for-real-estate-agent,0,2,0%,48.5
https://www.boopsign.com/contracts/coaching-agreement/for-personal-trainer,0,2,0%,89
https://www.boopsign.com/contracts/intellectual-property-transfer/for-ui-ux-designer,0,1,0%,2
https://www.boopsign.com/privacy-policy,0,1,0%,2
https://www.boopsign.com/for-freelancers,0,1,0%,4
https://www.boopsign.com/contracts/subcontractor-agreement/for-dog-walker,0,1,0%,6
https://www.boopsign.com/education-document-signing,0,1,0%,6
https://www.boopsign.com/landing/what-is-electronic-signature,0,1,0%,6
https://www.boopsign.com/contracts/virtual-assistant-agreement/for-caregiver,0,1,0%,7
https://www.boopsign.com/signature-automation-tools,0,1,0%,7
https://www.boopsign.com/contracts/marketing-services-agreement/for-online-business-manager,0,1,0%,8
https://www.boopsign.com/contracts/termination-notice/for-real-estate-agent,0,1,0%,9
https://www.boopsign.com/blog/digital-vs-electronic-signature,0,1,0%,11
https://www.boopsign.com/contracts/intellectual-property-transfer/for-ghostwriter,0,1,0%,12
https://www.boopsign.com/contracts/real-estate-services-agreement/for-landlord,0,1,0%,12
https://www.boopsign.com/contracts/subcontractor-agreement/for-podcast-editor,0,1,0%,14
https://www.boopsign.com/signature-authentication-security,0,1,0%,17
https://www.boopsign.com/contracts/marketing-services-agreement/for-email-marketer,0,1,0%,20
https://www.boopsign.com/contracts/referral-agreement/for-property-manager,0,1,0%,20
https://www.boopsign.com/contracts/statement-of-work,0,1,0%,20
https://www.boopsign.com/workflow-automation-signing,0,1,0%,31
https://www.boopsign.com/contracts/residential-lease-agreement/for-property-manager,0,1,0%,34
https://payping.boopsign.com/tools/client-onboarding-checklist,0,1,0%,37
https://www.boopsign.com/blog/document-security-guide,0,1,0%,38
https://www.boopsign.com/contracts/social-media-management-agreement,0,1,0%,68
https://www.boopsign.com/esignature-for-finance,0,1,0%,71