Top queries,Clicks,Impressions,CTR,Position
boopsign,5,17,29.41%,4
pandadoc alternatives,1,265,0.38%,90.44
hellosign alternative,0,486,0%,39.07
pandadoc alternative,0,388,0%,89.99
adobe sign alternatives,0,295,0%,74.67
affordable proposal software for freelancers,0,238,0%,47.9
hellosign alternatives,0,230,0%,64.61
how to create legally binding esignatures,0,226,0%,79.99
adobe sign alternative,0,157,0%,85.76
free nda template,0,146,0%,95.6
free freelance contract template,0,125,0%,73.7
hellosign,0,112,0%,55.34
hellosign competitors,0,107,0%,62.84
zoho sign competitors,0,102,0%,82.06
hellosign pricing 2024,0,98,0%,9.94
zoho sign alternatives,0,91,0%,56.89
hellosign api alternative,0,87,0%,83.62
nda template free,0,83,0%,92.82
dropbox sign pricing 2026,0,73,0%,10.51
alternatives to adobe sign,0,72,0%,71.21
how to create an electronic signature,0,66,0%,94.68
signnow alternatives,0,64,0%,38.66
creating an electronic signature,0,63,0%,93.63
proposal software for freelancers,0,62,0%,47.97
making electronic signatures,0,61,0%,67.3
hellosign pricing,0,60,0%,53.25
payment reminder ai,0,60,0%,70.6
dropbox sign alternatives,0,58,0%,71.97
signnow pricing 2024,0,53,0%,10.62
esignature vs digital signature,0,52,0%,89.04
how to sign a document in word,0,44,0%,81.36
zoho sign alternative,0,43,0%,65.35
creating electronic signatures,0,41,0%,71.83
signrequest pricing,0,40,0%,46.02
build an electronic signature software,0,40,0%,69.78
dropbox sign alternative,0,39,0%,65.28
signnow alternative,0,38,0%,22.68
starting an electronic signature software,0,37,0%,63.27
digital document approval workflow software,0,34,0%,51.59
signrequest pricing 2025,0,33,0%,11.21
template for freelance contract,0,33,0%,47.7
setting up an electronic signature,0,33,0%,91.91
creating digital signature,0,31,0%,94.65
what is the best hellosign alternative?,0,30,0%,55.83
hellosign free alternative,0,30,0%,68.17
free nda,0,30,0%,74.93
how to ask for invoice payment,0,30,0%,82.47
how do i make an electronic signature,0,29,0%,96.21
best pandadoc templates for freelancers,0,27,0%,74.33
adobes sign alternative,0,27,0%,87.78
contract template freelance,0,26,0%,43.46
freelance contract agreement template,0,26,0%,45.81
how to make an electronic signature,0,26,0%,94
how to do an electronic signature,0,25,0%,93.4
pandadoc cheaper alternative,0,24,0%,55.71
create an electronic signature software,0,23,0%,79.09
how to create a signature,0,23,0%,89.39
how to set up an electronic signature,0,23,0%,91.91
free non disclosure agreement,0,23,0%,92.09
creating a digital signature,0,23,0%,94.96
nda agreement template free,0,23,0%,95.74
how to create a digital signature,0,23,0%,97.57
how to ask for payment without being rude,0,22,0%,24.27
contract signatures best practices,0,22,0%,41.09
make an electronic signature software,0,21,0%,81.76
dropbox sign pricing plans 2024,0,20,0%,10.75
freelance contract template free,0,20,0%,45.4
asking for payment from client,0,19,0%,70
how to ask payment from client,0,19,0%,76.42
e signature maker,0,19,0%,91.68
dropbox sign g2 rating 2026,0,18,0%,9.5
signrequest alternatives,0,18,0%,52.5
echosign api pricing,0,18,0%,66.39
asking payment from client,0,18,0%,70.72
how to create signature,0,18,0%,88.28
proposal system for freelancers,0,18,0%,89.5
set up electronic signature,0,18,0%,92.83
dropbox sign hellosign pricing 2024,0,17,0%,9.47
hellosign vs,0,17,0%,83.71
payping,0,16,0%,28.5
requesting payment from client,0,16,0%,70.88
make electronic signatures,0,16,0%,84.31
create signature online,0,16,0%,91.81
make signature online,0,16,0%,96.5
remote signing solution for distributed production teams,0,15,0%,10.4
dropbox sign pricing 2024,0,15,0%,10.67
best helloworks alternatives,0,15,0%,57
contract for wedding videographer,0,15,0%,72.67
how to create electronic signatures for documents,0,15,0%,78.93
how to ask payment from customer,0,15,0%,80.93
zoho sign pros and cons,0,15,0%,82.73
how to make electronic signature,0,15,0%,92.47
alternative hellosign,0,14,0%,32.29
docusign nda templates free,0,14,0%,32.5
freelance contract templates,0,14,0%,39.21
airslate signnow pros and cons,0,14,0%,63.79
signrequest reviews,0,14,0%,65.07
electronic signature legality,0,14,0%,74.43
how to ask for payment nicely,0,14,0%,87.36
making a digital signature,0,14,0%,92.29
how to create esignature,0,14,0%,93.93
e-signature services with multi-party approvals,0,13,0%,53.38
ask client for payment,0,13,0%,57.15
how to get electronic signatures,0,13,0%,80.77
create electronic signatures,0,13,0%,83.08
asking for payment politely,0,13,0%,88.23
generate electronic signature,0,13,0%,90.92
how to ask for payment politely,0,13,0%,96.54
freelance client contract template,0,12,0%,43.25
professional client onboarding documents,0,12,0%,43.58
customized electronic signing,0,12,0%,62.42
how to create electronic signatures,0,12,0%,69
how to sign a document on word,0,12,0%,79.17
creating a signature,0,12,0%,87.67
how create signature,0,12,0%,94.08
creating electronic signature,0,12,0%,97.83
how do you do an electronic signature,0,12,0%,98.17
signrequest api pricing 2025,0,11,0%,9.55
dropbox sign (hellosign) pricing 2026,0,11,0%,10.45
hellosign free trial,0,11,0%,36.82
tutor agreement template,0,11,0%,61.27
request payment from client,0,11,0%,64.36
signrequest cost,0,11,0%,76.09
legality of electronic signature,0,11,0%,76.18
how to ask for payment professionally,0,11,0%,82.73
dropbox sign g2 rating 2024,0,10,0%,10.1
dropbox sign pricing plans 2026,0,10,0%,10.8
signnow pricing 2026,0,10,0%,11.2
automated invoice reminders,0,10,0%,52.5
hello sign,0,10,0%,63.6
how to make electronic signatures,0,10,0%,82.5
can you sign a document in word,0,10,0%,84
online signature generator,0,10,0%,88.8
non-disclosure-agreement-for-trainers,0,9,0%,8.56
dropbox sign hellosign pricing 2025,0,9,0%,11
tutoring agreement,0,9,0%,60.56
best pandadoc alternatives for esignatures,0,9,0%,70.67
asking payment from customer,0,9,0%,71.67
consulting contract template free,0,9,0%,79.78
automated payment reminders,0,9,0%,80.78
free online signature maker,0,9,0%,89.44
panda doc alternative,0,9,0%,91.44
how to make a signature,0,9,0%,94.11
making an electronic signature,0,9,0%,94.22
electronic signature create,0,9,0%,95.89
nda free template,0,9,0%,96
how to do an e signature,0,9,0%,97.56
docusign nda template free,0,8,0%,30.88
hellosign cost,0,8,0%,46.88
best way to create electronic signature,0,8,0%,58.75
signnow competitors,0,8,0%,59.62
requesting for payment from client,0,8,0%,60
asking for payments,0,8,0%,70.12
how to request payment from a client,0,8,0%,71.88
tutoring contracts,0,8,0%,87.75
pandadoc vs pandadoc alternatives reddit,0,8,0%,87.88
signing a document in word,0,8,0%,88.5
free template consulting agreement,0,8,0%,88.75
how to customize branding in pandadoc documents,0,8,0%,88.88
how to make signatures,0,8,0%,93.75
adobe acrobat sign pricing per user per month 2025,0,7,0%,9.86
how do you ask for payment without being rude,0,7,0%,25
send contract for signature,0,7,0%,55.43
getting an electronic signature,0,7,0%,70.43
electronic signatures how to,0,7,0%,74.71
how to ask for payment from a client,0,7,0%,75.86
pandadoc vs hellosign features comparison,0,7,0%,86.86
asking payment politely,0,7,0%,88.43
digital signature creation,0,7,0%,92
create electronic signature,0,7,0%,92.14
how to create electronic signature,0,7,0%,93.57
digital signature vs esignature,0,7,0%,96.71
esignature vs digital signature comparison 2025 or 2026,0,6,0%,4.83
boop login,0,6,0%,6.17
better alternative to hellosign for freelancers,0,6,0%,18.67
how to ask for payment from client,0,6,0%,61.67
document approval process software,0,6,0%,69.17
how to create a legally valid signature online,0,6,0%,70.5
free online sign generator,0,6,0%,70.83
digital signatures software with multi party signing,0,6,0%,71
esignature legality,0,6,0%,80.83
ueta and esign act,0,6,0%,88.83
hellosign reviews,0,6,0%,89
eversign vs hellosign,0,6,0%,93
electronic signature how to,0,6,0%,95
how do you do a electronic signature,0,6,0%,97.33
dropbox sign api pricing 2026,0,5,0%,11.2
dropbox sign pricing per month 2026,0,5,0%,11.8
recurring payment reminders without manual input,0,5,0%,12.6
fastest way to sign cast and crew agreements remotely,0,5,0%,13.4
docusign approval workflow,0,5,0%,47.8
request payment from customer,0,5,0%,63.6
build digital signature software,0,5,0%,65
online sign generators,0,5,0%,78
nice way to ask for payment,0,5,0%,80.8
how to submit an electronic signature,0,5,0%,82.2
electronic signature legal issues,0,5,0%,85.2
how do i create a electronic signature,0,5,0%,87.6
how to do a electronic signature,0,5,0%,89.2
marketing consulting agreement template,0,5,0%,91.8
creating a electronic signature,0,5,0%,92.2
how to get an electronic signature,0,5,0%,93.4
how to create and electronic signature,0,5,0%,95.2
pandadoc alternative free,0,5,0%,95.4
how do i create an electronic signature,0,5,0%,98.4
making an e signature,0,5,0%,98.4
how to create digital signature,0,5,0%,99.4
dropbox sign pricing 2025 (formerly hellosign),0,4,0%,11.75
hellosign competitor,0,4,0%,35.75
how to ask for payment for services rendered,0,4,0%,36.75
multi party document signing,0,4,0%,39.5
ai payment reminder bot,0,4,0%,68.5
getting electronic signature,0,4,0%,69
how to obtain an electronic signature,0,4,0%,71
create electronic signature documents,0,4,0%,72.75
please pay invoices,0,4,0%,73.5
digital signature compliance,0,4,0%,75
automated invoice follow up,0,4,0%,75.75
create and electronic signature,0,4,0%,82.25
online signature maker,0,4,0%,82.5
legally admissible electronic signatures,0,4,0%,83.25
how to create e signature,0,4,0%,84.75
create your electronic signature,0,4,0%,85.5
is an electronic signature legal,0,4,0%,88.25
contract for tutoring,0,4,0%,88.75
how do you create an electronic signature,0,4,0%,93.5
how to create a electronic signature,0,4,0%,94
create a signature online,0,4,0%,94.25
making a signature,0,4,0%,96.75
free mnda template,0,4,0%,97
how to make a electronic signature,0,4,0%,98
electronic signature how to create,0,4,0%,98.5
best document signing solutions for remote teams,0,3,0%,7.33
dropbox sign pricing per user month 2024,0,3,0%,10.67
hellosign dropbox sign pricing 2025,0,3,0%,10.67
freelance programmer contract template,0,3,0%,26
pages like hellosign,0,3,0%,36.67
best tool for signing vendor and freelancer contracts,0,3,0%,37.33
tutoring contract template free,0,3,0%,37.67
zoho sign vs adobe sign,0,3,0%,40
automate payment reminders,0,3,0%,44.67
coach service contract,0,3,0%,48
sign request pricing,0,3,0%,48.33
is hellosign free,0,3,0%,49.33
signrequest pros and cons,0,3,0%,51.67
client onboarding document,0,3,0%,58
free nda contract,0,3,0%,61.33
electronic signature,0,3,0%,63
freelance scope creep examples,0,3,0%,63
customer onboarding form processing,0,3,0%,64.67
hellosign price,0,3,0%,65
how to make your signature electronic,0,3,0%,65.67
consulting agreement template free,0,3,0%,69.33
freelance proposal template,0,3,0%,70
how to create an electronic signature online,0,3,0%,71
please pay your invoice,0,3,0%,71.67
how do i obtain an electronic signature,0,3,0%,73.33
how do you ask someone to pay an invoice,0,3,0%,75.67
document processing for remote teams,0,3,0%,76
hellosign app download,0,3,0%,76.67
e signature vs digital signature,0,3,0%,77.67
hellosign review,0,3,0%,82.67
how to create your signature,0,3,0%,83
how do you do electronic signatures,0,3,0%,83.33
how do i make a signature,0,3,0%,84
nda free,0,3,0%,84.67
consulting agreement template,0,3,0%,86
electronic signature process,0,3,0%,87
create an electronic signature,0,3,0%,88.67
send automated payment reminders,0,3,0%,88.67
online signature making,0,3,0%,90
signature online free,0,3,0%,91
steps to create digital signature,0,3,0%,91.33
how much is acrobat sign,0,3,0%,92.33
how to use electronic signatures,0,3,0%,93
esignature for hr professionals,0,3,0%,93.67
online signature,0,3,0%,93.67
free sow template,0,3,0%,94
how to set up electronic signature,0,3,0%,94.33
how do i do an electronic signature,0,3,0%,95
free online signature,0,3,0%,95.67
how to generate electronic signature,0,3,0%,95.67
how do i create a digital signature,0,3,0%,96.67
pandadoc precios,0,3,0%,96.67
make electronic signature,0,3,0%,97
how to ask for payment,0,3,0%,97.33
creating an e signature,0,3,0%,97.67
how create digital signature,0,3,0%,97.67
freelance web design contract template,0,3,0%,98
creating signature,0,3,0%,99
how can i make an electronic signature,0,3,0%,99
how to make an e signature,0,3,0%,100
data scientist contract template,0,2,0%,10
adobe sign pricing per user per month 2024,0,2,0%,11
content strategist contract template,0,2,0%,18
most secure email providers for freelancers dealing with client contracts,0,2,0%,18.5
recurring invoice reminders and automation,0,2,0%,22.5
net15 payment term,0,2,0%,27
freelancer nda template,0,2,0%,35.5
freelancer payment terms best practices,0,2,0%,35.5
docusign nda templates,0,2,0%,39
net15.fr,0,2,0%,39
basic freelance contract template,0,2,0%,42
hellosign free,0,2,0%,42.5
hello sign pricing,0,2,0%,43.5
hello hellosign,0,2,0%,44
how much is dropbox sign,0,2,0%,47.5
how to send contracts for electronic signature,0,2,0%,49.5
design retainer agreement,0,2,0%,53
hellosgn,0,2,0%,53.5
airslate signnow alternatives,0,2,0%,57.5
how to create a document that requires an electronic signature,0,2,0%,59
how to ask customer for payment,0,2,0%,60.5
please pay invoice,0,2,0%,64
compare id digital signatures,0,2,0%,65
professional electronic signature,0,2,0%,65
how to ask payment,0,2,0%,65.5
payment request to customer,0,2,0%,66
createmysignature features,0,2,0%,67
do an electronic signature,0,2,0%,72
replace signers in dropbox sign,0,2,0%,72
dropbox sign pricing,0,2,0%,72.5
retainer & project commencement,0,2,0%,72.5
asking for payment,0,2,0%,74.5
docusign nda template,0,2,0%,74.5
please pay your bill,0,2,0%,75
make an electronic signature online,0,2,0%,75.5
how to request customer for payment,0,2,0%,76.5
hellosign plans,0,2,0%,77
free consulting agreement template,0,2,0%,79
legal online signature,0,2,0%,81.5
hellosign subscription,0,2,0%,83
online tutoring agreement,0,2,0%,84
dropbox sign pricing 2025,0,2,0%,84.5
freelance writer contract,0,2,0%,84.5
how to ask client for payment,0,2,0%,84.5
how to make digital signature,0,2,0%,85
compare digital signature,0,2,0%,85.5
electronic signatures online,0,2,0%,85.5
freelance statement of work template,0,2,0%,86
create your own electronic signature,0,2,0%,87.5
personal trainer agreement,0,2,0%,89
create an electronic signature online,0,2,0%,89.5
how to ask a client for payment,0,2,0%,89.5
pandadoc startup discount,0,2,0%,89.5
difference between esign and digital signature,0,2,0%,90
free online signature creator,0,2,0%,90
how to make signature,0,2,0%,90
net 15,0,2,0%,91
online signature free,0,2,0%,91
nda download,0,2,0%,92
how to create an e-signature,0,2,0%,92.5
how to get electronic signature,0,2,0%,92.5
how to set up e signature,0,2,0%,93.5
e signature standards,0,2,0%,94
multi-sig for businesses,0,2,0%,94
website development contract template free,0,2,0%,94
create signature online free,0,2,0%,94.5
how to make e signature,0,2,0%,95
how can i do an electronic signature,0,2,0%,95.5
online signature creator free,0,2,0%,95.5
signature maker online,0,2,0%,95.5
automated reminder system for invoices,0,2,0%,96
how do i set up an electronic signature,0,2,0%,96
how to make an online signature,0,2,0%,96
signature making online free,0,2,0%,96
alternatives to pandadoc,0,2,0%,96.5
how to generate a digital signature,0,2,0%,96.5
how to make an esign,0,2,0%,96.5
politely ask for payment,0,2,0%,96.5
how do you make an electronic signature,0,2,0%,99
create digital signature,0,2,0%,99.5
web development agreement,0,2,0%,100
how to create an e signature,0,2,0%,103
electronic signature compliance standards,0,1,0%,4
esign act electronic signatures validity,0,1,0%,6
electronic signature solutions compliance standards,0,1,0%,7
best platforms for tracking document opens and signature statuses,0,1,0%,9
signnow pricing per month 2026,0,1,0%,10
what are best practices for record-keeping of freelancer agreements?,0,1,0%,10
best hellosign alternatives 2025,0,1,0%,11
dropbox sign (hellosign) pricing 2025,0,1,0%,11
dropbox sign g2 rating 2025,0,1,0%,11
need a platform to track document opens and signature statuses.,0,1,0%,11
pandadoc essentials plan price 2025,0,1,0%,11
hellosign free tier 2025,0,1,0%,12
iowa electronic signature law,0,1,0%,12
hellosign pricing 2025,0,1,0%,18
best pandadoc plan for freelancer sending 10 contracts a month,0,1,0%,19
sign now alternative,0,1,0%,19
freelance developer contract template,0,1,0%,22
best practices for record-keeping of freelancer agreements,0,1,0%,27
how much is hellosign,0,1,0%,27
freelance graphic design contract template pdf,0,1,0%,29
alternatives to dropbox sign,0,1,0%,31
net15 terms,0,1,0%,36
airslate signnow cost,0,1,0%,37
helllosign,0,1,0%,38
how to ask client for payment politely,0,1,0%,39
dropbox sign replace signers,0,1,0%,40
template freelance contract,0,1,0%,40
hellosogn,0,1,0%,43
ux design contract template,0,1,0%,45
freelance contracts templates,0,1,0%,46
e-signature products real-time status tracking usa,0,1,0%,48
freelance agreement contract sample,0,1,0%,48
how to ask for payment freelance,0,1,0%,48
pandadoc free tier,0,1,0%,48
signrequest free plan,0,1,0%,48
freelance work agreement template,0,1,0%,49
pricing comparison esignature,0,1,0%,50
translator contract template,0,1,0%,50
no-cost event planning contract,0,1,0%,51
hellosign pricing per month,0,1,0%,52
dropbox sign vs docusign reddit,0,1,0%,53
freelance pr contract template,0,1,0%,53
hellowsign,0,1,0%,54
wedding videographer contracts,0,1,0%,54
hellosign free plan,0,1,0%,55
how to request payment from customer,0,1,0%,55
download nda,0,1,0%,56
electronic signature for reports,0,1,0%,57
join zoho sign in,0,1,0%,58
online signatures generator,0,1,0%,58
app for signing documents on phone,0,1,0%,59
hello sogn,0,1,0%,59
docusign tablet,0,1,0%,60
e sign compliance,0,1,0%,60
signnow savings,0,1,0%,60
how to request payment from client,0,1,0%,62
website signature capture,0,1,0%,62
echosign pricing,0,1,0%,63
write my signature electronically,0,1,0%,63
how to politely request payment from client,0,1,0%,64
how to chase client for payment politely,0,1,0%,65
please pay the invoice,0,1,0%,67
create digital signature online free,0,1,0%,68
social media management agreement,0,1,0%,68
electronic signature compliance,0,1,0%,69
how to get a client to pay an invoice,0,1,0%,69
docusign legality guide,0,1,0%,70
how to request a payment from client,0,1,0%,70
asking client for payment,0,1,0%,71
electronic signature with payments,0,1,0%,71
contract template for freelancers free download,0,1,0%,72
what are best practices for broker client onboarding forms?,0,1,0%,73
how do i provide an electronic signature,0,1,0%,74
obtain electronic signature,0,1,0%,74
what is net 15,0,1,0%,74
payment reminder automation,0,1,0%,77
polite way to ask for payment,0,1,0%,78
automatic payment reminder,0,1,0%,79
making signature online,0,1,0%,79
how do you create a digital signature,0,1,0%,80
freelance contract template free download,0,1,0%,81
how to make esign,0,1,0%,81
adobesign alternative,0,1,0%,82
freelance web development contract,0,1,0%,82
creating signatures,0,1,0%,83
workflow freelance,0,1,0%,83
write electronic signature,0,1,0%,83
your electronic signature,0,1,0%,83
set up an e signature,0,1,0%,84
sign now pricing,0,1,0%,85
signature maker free,0,1,0%,85
compare electronic signature and digital signature,0,1,0%,86
create a digital signature,0,1,0%,86
how to nicely ask for payment,0,1,0%,86
calculating late fees,0,1,0%,87
creating digital signatures,0,1,0%,87
creation of digital signature,0,1,0%,87
legal e-signature management,0,1,0%,87
signature electronic,0,1,0%,87
digital signature acceptance policy,0,1,0%,88
how do you create electronic signature,0,1,0%,88
how to write an e signature,0,1,0%,88
signatures online,0,1,0%,88
create an online signature free,0,1,0%,89
creating signature online,0,1,0%,89
docusign vs adobe sign reddit,0,1,0%,89
how to ask for payments,0,1,0%,89
how to make a virtual signature,0,1,0%,89
alternative to pandadoc,0,1,0%,90
electronic signature legally valid,0,1,0%,90
free design contract template,0,1,0%,90
how to get a signature,0,1,0%,90
late fee calculator,0,1,0%,90
marketing consultant agreement,0,1,0%,90
pandadoc competitors,0,1,0%,90
pandadoc prices,0,1,0%,90
signature creation online,0,1,0%,90
simple freelance contract template free,0,1,0%,90
designer contract template,0,1,0%,91
how to create signatures,0,1,0%,91
can i sign a document in word,0,1,0%,92
online signature maker for free,0,1,0%,92
electronic signature legal,0,1,0%,93
electronic signatures legal,0,1,0%,93
free signature,0,1,0%,93
late payment fees calculator,0,1,0%,93
non disclosure agreement real estate,0,1,0%,93
setting up electronic signature,0,1,0%,93
"""docusign"" esignature or clm or iam",0,1,0%,94
esign vs digital signature,0,1,0%,94
free signature maker,0,1,0%,94
hellosign vs digisigner,0,1,0%,94
legal electronic signature s,0,1,0%,94
make my own electronic signature,0,1,0%,94
setting up a digital signature,0,1,0%,94
freelance writing contracts,0,1,0%,95
how to do electronic signature,0,1,0%,95
how to electronic signature,0,1,0%,95
adobe acrobat sign alternatives,0,1,0%,96
calculate late fee,0,1,0%,96
consulting agreement template free download,0,1,0%,96
create online signature,0,1,0%,96
create online signature free,0,1,0%,96
e signature maker free,0,1,0%,96
get an electronic signature,0,1,0%,96
graphic design contract template free,0,1,0%,96
how to create and save an electronic signature,0,1,0%,96
how to set up e-signature,0,1,0%,96
signature verification service,0,1,0%,96
simple freelance contract template (free),0,1,0%,96
alternative to adobe sign,0,1,0%,97
electronic signature creation,0,1,0%,97
free nda agreement,0,1,0%,97
how do i do an e signature,0,1,0%,97
how to do electronic signatures,0,1,0%,97
online signature maker free,0,1,0%,97
set up digital signature,0,1,0%,97
sign online maker,0,1,0%,97
adobe acrobat sign alternative,0,1,0%,98
create online signature for free,0,1,0%,98
e signatures and the law,0,1,0%,98
free signature generator,0,1,0%,98
generate an electronic signature,0,1,0%,98
how to ask a customer for payment,0,1,0%,98
how to make a digital signature,0,1,0%,98
signature creator online free,0,1,0%,98
best way to create a digital signature,0,1,0%,99
electronic signature laws,0,1,0%,99
electronic signature laws by state,0,1,0%,99
hellosign vs adobe sign,0,1,0%,99
how to make digital signatures,0,1,0%,99
online signature writer,0,1,0%,99
software to automate payment reminders,0,1,0%,99
create free digital signature,0,1,0%,100
how to create esign,0,1,0%,100
making electronic signature,0,1,0%,100
pandadoc nda template,0,1,0%,100
politely asking for payment,0,1,0%,100
how to have an electronic signature,0,1,0%,105
signature generator free online,0,1,0%,108